NodeLabel,PHILSM
6148,-0.155584514141083
6149,-0.0848725363612175
6150,-0.021846791729331
6151,0.0402059927582741
6152,0.0822985544800758
6153,0.116548970341682
6179,-0.155584529042244
6180,-0.0848725438117981
6181,-0.0188660491257906
6182,0.0437982641160488
6183,0.0947199538350105
46,-0.0707105994224548
47,9.99999997475243e-07
48,0.070710800588131
6210,-0.155584514141083
6211,-0.0848725438117981
6212,-0.0170890726149082
6213,0.0465898439288139
6214,0.139482602477074
6241,-0.158144593238831
6242,-0.0874326154589653
6243,-0.0212864764034748
6244,0.0404000990092754
6245,0.173204392194748
118,0.070710800588131
119,9.99999997475243e-07
120,-0.0707105994224548
6272,-0.158144593238831
6273,-0.0874326080083847
6274,-0.0241666622459888
6275,0.0375199094414711
6276,0.159733489155769
6303,-0.158144593238831
6304,-0.0874326080083847
6305,-0.0290000960230827
6306,0.0326864793896675
6307,0.165699303150177
6308,0.173204258084297
6334,-0.158144593238831
6335,-0.0874326080083847
6336,-0.0373941920697689
6337,0.0147367864847183
6338,0.0615751482546329
6339,0.123386479914188
6365,-0.158144593238831
6366,-0.0874326080083847
6367,-0.0570755042135715
6368,-0.0291845947504044
6369,0.0176537707448006
6370,0.0864444077014923
6371,0.0998914986848831
6396,-0.158144593238831
6397,-0.0874326080083847
6398,-0.0570755004882813
6399,-0.0291845910251141
6400,-0.0198536943644285
6401,0.0489369444549084
6402,0.0704973116517067
6427,-0.156205430626869
6428,-0.0874326303601265
6429,-0.0750594884157181
6430,-0.0629744380712509
6431,-0.140186324715614
6432,-0.167850941419601
6433,-0.0855432003736496
2338,-0.141422003507614
2339,-0.0707110017538071
2340,9.99999997475243e-07
2341,0.0137419095262885
2342,0.0314111635088921
2343,0.0444892309606075
2344,0.0637293010950089
2345,0.0960952863097191
6461,-0.119865611195564
6462,-0.0890407711267471
6463,-0.0620482638478279
6464,-0.0296822711825371
2370,-0.137517988681793
2371,-0.0848727896809578
2372,-0.0711318701505661
2373,-0.0534626133739948
2374,-0.0403845421969891
2375,-0.021144475787878
2376,0.0112215196713805
6492,-0.0967158079147339
6493,-0.0658909752964973
6494,-0.0388984642922878
6495,0.0152566554024816
2405,-0.130956456065178
2406,-0.103963941335678
2407,-0.0715979486703873
6523,-0.0941990911960602
6524,-0.0633742585778236
6525,-0.0277228504419327
6526,0.000796739070210606
6553,-0.10546562820673
6554,-0.0700626224279404
6555,-0.0317807048559189
6556,-0.00949251092970371
6557,0.0190270766615868
6584,-0.0844800621271133
6585,-0.0490770637989044
6586,-0.00374988466501236
6587,0.03050054050982
6588,0.0590201281011105
6615,-0.106154412031174
6616,-0.0443341694772243
6617,0.00860268250107765
6618,0.0428531058132648
6646,-0.0990426763892174
6647,-0.0363783501088619
6648,0.0182322803884745
6649,0.0880744680762291
6677,-0.0969934165477753
6678,-0.0343290939927101
6679,0.0585636608302593
6708,-0.121312834322453
6709,-0.0782714262604713
6710,0.0579602792859077
6711,0.173205405473709
6739,-0.146093428134918
6740,-0.0689404085278511
6741,0.0532731600105762
6742,0.173205435276031
6770,-0.15867967903614
6771,-0.0831810534000397
6772,0.049831748008728
6773,0.111643083393574
6801,-0.160580471158028
6802,-0.108449466526508
6803,-0.00758354924619198
6804,0.0542277880012989
6805,0.0882796421647072
6832,-0.173204272985458
6833,-0.15237084031105
6834,-0.0325536392629147
6835,0.00812550261616707
6836,0.0296858623623848
6864,-0.116899460554123
6865,-0.0700611025094986
6866,-0.0212686881422997
6867,0.000291672477032989
6896,-0.173204272985458
6897,-0.173204272985458
838,-0.0707105994224548
839,9.99999997475243e-07
840,0.070710800588131
6990,-0.0694480240345001
6991,-0.0409284345805645
869,-0.0707105994224548
870,9.99999997475243e-07
871,0.070710800588131
7020,-0.0578722842037678
7021,-0.0329882055521011
7022,-0.0226980950683355
2927,-0.141422003507614
2928,-0.0707110017538071
2929,9.99999997475243e-07
2930,0.0123741049319506
2931,0.00975204817950726
2932,0.023370087146759
2933,0.0621995851397514
2934,0.10750437527895
900,-0.0707105994224548
901,9.99999997475243e-07
902,0.070710800588131
7050,-0.120739080011845
7051,-0.0749085023999214
7052,-0.00393191957846284
2959,-0.140527293086052
2960,-0.0874328836798668
2961,-0.0750594884157181
2962,-0.0776815488934517
2963,-0.169689193367958
2964,-0.17320542037487
2965,-0.151244401931763
931,-0.0707105994224548
932,9.99999997475243e-07
933,0.070710800588131
7081,-0.110044732689857
7082,-0.0642141550779343
7083,0.00301839085295796
962,-0.0707105994224548
963,9.99999997475243e-07
964,0.070710800588131
7112,-0.0883719995617867
7113,-0.0650208294391632
7114,-0.00709488615393639
993,-0.0707105994224548
994,9.99999997475243e-07
995,0.070710800588131
7143,-0.0922013521194458
7144,-0.0679878890514374
1024,-0.0707105994224548
1025,9.99999997475243e-07
1026,0.070710800588131
7174,-0.17320553958416
7175,-0.17320553958416
7176,0.101642400026321
1055,-0.0707105994224548
1056,9.99999997475243e-07
1057,0.070710800588131
7205,-0.17320553958416
7206,-0.17320553958416
7207,0.0960695818066597
1086,-0.0707105994224548
1087,9.99999997475243e-07
1088,0.070710800588131
7236,-0.173205569386482
7237,-0.173205569386482
7238,0.0057553444057703
1117,-0.0707105994224548
1118,9.99999997475243e-07
1119,0.070710800588131
7267,-0.173205569386482
7268,-0.173205569386482
7269,-0.0145978797227144
7270,0.0194539818912745
1148,-0.0707105994224548
1149,9.99999997475243e-07
1150,0.070710800588131
7299,-0.0887164026498795
7300,-0.048037264496088
7301,-0.0209987666457891
1179,-0.0707105994224548
1180,9.99999997475243e-07
1181,0.070710800588131
7330,-0.118110589683056
7331,-0.0774314552545547
7332,-0.0557969808578491
1210,-0.0707105994224548
1211,9.99999997475243e-07
1212,0.070710800588131
1241,-0.0707105994224548
1242,9.99999997475243e-07
1243,0.070710800588131
1272,-0.0707105994224548
1273,9.99999997475243e-07
1274,0.070710800588131
5527,-0.141422003507614
5528,-0.0707110017538071
5529,9.99999997475243e-07
5530,0.0447889305651188
5531,0.0672658905386925
5532,0.0786522105336189
5533,0.105644725263119
5534,0.138010963797569
5558,-0.141422003507614
5559,-0.0707110017538071
5560,9.99999997475243e-07
5561,0.0318041816353798
5562,0.0709771811962128
5563,0.101802013814449
5564,0.128794521093369
5589,-0.141422003507614
5590,-0.0707110017538071
5591,9.99999997475243e-07
5592,0.0318041816353798
5593,0.0709771811962128
5594,0.108619228005409
5620,-0.141422003507614
5621,-0.0707110017538071
5622,9.99999997475243e-07
5623,0.0486317649483681
5624,0.0834033861756325
5625,0.118036948144436
5651,-0.141422003507614
5652,-0.0707110017538071
5653,9.99999997475243e-07
5654,0.0581331439316273
5655,0.120185948908329
5656,0.154819503426552
5682,-0.141422003507614
5683,-0.0707110017538071
5684,9.99999997475243e-07
5685,0.0630267262458801
5686,0.125079527497292
5713,-0.141422003507614
5714,-0.0707110017538071
5715,9.99999997475243e-07
5716,0.0660074651241302
5717,0.125920698046684
5744,-0.141422003507614
5745,-0.0707110017538071
5746,9.99999997475243e-07
5747,0.0677844434976578
5748,0.126424297690392
5775,-0.141422003507614
5776,-0.0707110017538071
5777,9.99999997475243e-07
5778,0.066147118806839
5779,0.12783370912075
5806,-0.141422003507614
5807,-0.0707110017538071
5808,9.99999997475243e-07
5809,0.0632669255137444
5810,0.124953515827656
5837,-0.141422003507614
5838,-0.0707110017538071
5839,9.99999997475243e-07
5840,0.0584334991872311
5841,0.120120085775852
5868,-0.141422003507614
5869,-0.0707110017538071
5870,9.99999997475243e-07
5871,0.0500393956899643
5872,0.102170385420322
5873,0.149008736014366
5899,-0.141422003507614
5900,-0.0707110017538071
5901,9.99999997475243e-07
5902,0.0303580854088068
5903,0.05824900791049
5904,0.105087362229824
5905,0.173205435276031
5930,-0.141422003507614
5931,-0.0707110017538071
5932,9.99999997475243e-07
5933,0.0303580854088068
5934,0.0582490116357803
5935,0.173205569386482
5936,0.173205435276031
5937,0.173205569386482
5961,-0.141422003507614
5962,-0.0707110017538071
5963,9.99999997475243e-07
5964,0.0123740965500474
5965,0.0244591645896435
5966,0.0528729483485222
5967,0.158042877912521
5968,0.173205569386482
5993,-0.155584514141083
5994,-0.0848725289106369
5995,-0.0400845892727375
5996,-0.0176076330244541
5997,-0.00622130464762449
5998,0.0207712016999722
5999,0.053137194365263
6024,-0.155584514141083
6025,-0.0848725363612175
6026,-0.0530693344771862
6027,-0.013896344229579
6028,0.0169284977018833
6029,0.0439209975302219
6030,0.098076120018959
6055,-0.155584514141083
6056,-0.0848725363612175
6057,-0.0530693344771862
6058,-0.0138963479548693
6059,0.0237457118928432
6060,0.0550966113805771
6061,0.083616204559803
6086,-0.155584514141083
6087,-0.0848725363612175
6088,-0.0362417511641979
6089,-0.00147014460526407
6090,0.0331634283065796
6091,0.0733269527554512
6092,0.101846545934677
6117,-0.155584514141083
6118,-0.0848725363612175
6119,-0.0267403721809387
6120,0.0353124178946018
6121,0.0699459910392761
6122,0.113320000469685
6123,0.141839593648911
